open,close,high,low,volume
1.1564290523529053,1.1964290142059326,1.2428569793701172,1.1457140445709229,104790000
1.2135709524154663,1.157142996788025,1.2321430444717407,1.157142996788025,6609400
1.1778570413589478,1.1185710430145264,1.1778570413589478,1.1035710573196411,1369200
1.1535710096359253,1.092857003211975,1.182142972946167,1.089285969734192,1799000
1.01357102394104,0.9221429824829102,1.0592859983444214,0.9178569912910461,4855200
1.0092860460281372,0.9435709714889526,1.0185710191726685,0.942857027053833,3817800
1.0535709857940674,1.1728570461273193,1.1950000524520874,1.0392860174179077,9020200
1.2785710096359253,1.2078570127487183,1.2799999713897705,1.207142949104309,2837800
1.1449999809265137,1.089285969734192,1.1635710000991821,1.0757139921188354,1261400
1.135714054107666,1.170714020729065,1.179286003112793,1.1150000095367432,1993600
0.949999988079071,0.8914290070533752,0.9599999785423279,0.8778570294380188,4529000
0.7957140207290649,0.7607139945030212,0.8035709857940674,0.7428569793701172,3217200
0.892857015132904,0.9128569960594177,0.9242860078811646,0.857142984867096,1828400
0.9528570175170898,0.9685710072517395,0.9714289903640747,0.9185709953308105,2779000
0.9964290261268616,0.9678570032119751,0.9964290261268616,0.9378569722175598,2644600
0.9178569912910461,0.9178569912910461,0.9357140064239502,0.9107139706611633,285600
0.9007139801979065,0.9449999928474426,0.949999988079071,0.8892859816551208,4746000
0.7535709738731384,0.7078570127487183,0.767857015132904,0.699999988079071,3484600
0.7242860198020935,0.732142984867096,0.75,0.7078570127487183,1457400
0.7071430087089539,0.692857027053833,0.7214289903640747,0.6892859935760498,4837000
0.3778569996356964,0.5064290165901184,0.5249999761581421,0.3464289903640747,13577200
0.5428569912910461,0.550000011920929,0.5857139825820923,0.5421429872512817,4125800
0.5799999833106995,0.642857015132904,0.6850000023841858,0.567857027053833,6447000
0.6635710000991821,0.6414290070533752,0.6657140254974365,0.6357139945030212,1423800
0.642857015132904,0.6714289784431458,0.7028570175170898,0.6392859816551208,3589600
0.642857015132904,0.6185709834098816,0.6449999809265137,0.6185709834098816,931000
0.7200000286102295,0.6642860174179077,0.7207139730453491,0.62357097864151,28194600
0.75,0.7749999761581421,0.7950000166893005,0.7428569793701172,932400
0.7428569793701172,0.7099999785423279,0.75,0.6964290142059326,2468200
0.7957140207290649,0.7992860078811646,0.800000011920929,0.76357102394104,4068400
0.7707139849662781,0.7714290022850037,0.7992860078811646,0.7585710287094116,3781400
0.7285709977149963,0.7071430087089539,0.732142984867096,0.6992859840393066,4895800
0.8500000238418579,0.7728570103645325,0.8500000238418579,0.7714290022850037,3248000
0.7714290022850037,0.8149999976158142,0.857142984867096,0.7621430158615112,5356400
0.8578569889068604,0.8671429753303528,0.8835710287094116,0.8550000190734863,4408600
0.8507140278816223,0.8700000047683716,0.9057139754295349,0.8357139825820923,7219800
0.8592860102653503,0.8964290022850037,0.9178569912910461,0.8507140278816223,4946200
0.8428570032119751,0.8700000047683716,0.875,0.8349999785423279,5016200
0.9549999833106995,0.9485710263252258,0.9571430087089539,0.9285709857940674,5615400
1.0585709810256958,1.1785709857940674,1.1785709857940674,1.0549999475479126,23119600
1.1421430110931396,1.167857050895691,1.1721429824829102,1.1100000143051147,5565000
1.1857140064239502,1.182142972946167,1.2107139825820923,1.170714020729065,6129200
1.363571047782898,1.3742860555648804,1.3985710144042969,1.3357139825820923,16062200
1.3049999475479126,1.285714030265808,1.3285709619522095,1.2678569555282593,8996400
1.442857027053833,1.4285709857940674,1.4464290142059326,1.397143006324768,8033200
1.420714020729065,1.4414290189743042,1.4714289903640747,1.364285945892334,6265000
1.647143006324768,1.4800000190734863,1.6492860317230225,1.432142972946167,36787800
1.5,1.5828570127487183,1.589285969734192,1.5,22727600
1.6649999618530273,1.6342860460281372,1.6721429824829102,1.6264289617538452,10046400
1.692857027053833,1.7964290380477905,1.8035709857940674,1.682142972946167,18207000
1.6335710287094116,1.5800000429153442,1.657142996788025,1.5785709619522095,8171800
1.6292860507965088,1.614285945892334,1.6749999523162842,1.5535709857940674,10127600
1.6078569889068604,1.6642860174179077,1.7321430444717407,1.6078569889068604,17547600
1.5850000381469727,1.5657140016555786,1.6064289808273315,1.5157140493392944,18457600
1.559999942779541,1.5149999856948853,1.592857003211975,1.5085710287094116,17542000
1.784999966621399,1.7785710096359253,1.8492859601974487,1.7657140493392944,18111800
1.8542859554290771,1.940000057220459,1.964285969734192,1.833570957183838,39071200
1.964285969734192,1.9142860174179077,2.0428569316864014,1.8785710334777832,19467000
1.8028570413589478,1.8057140111923218,1.8200000524520874,1.7549999952316284,17141600
1.6807140111923218,1.7642860412597656,1.784999966621399,1.6771429777145386,11524800
1.8514289855957031,1.782142996788025,1.8571430444717407,1.782142996788025,6339200
1.7428569793701172,1.6685709953308105,1.75,1.6335710287094116,8113000
1.667857050895691,1.7728569507598877,1.7807140350341797,1.6671429872512817,6280400
2.017857074737549,2.059999942779541,2.122857093811035,2.0164289474487305,19553800
1.9928569793701172,2.127856969833374,2.1535708904266357,1.957142949104309,13178200
2.378571033477783,2.4678568840026855,2.5214290618896484,2.378571033477783,20844600
2.5214290618896484,2.42214298248291,2.5907139778137207,2.4000000953674316,10642800
2.482142925262451,2.536428928375244,2.5814290046691895,2.460714101791382,17876600
2.7064290046691895,2.48642897605896,2.746428966522217,2.4100000858306885,20911800
2.4135708808898926,2.3971428871154785,2.5792860984802246,2.3607139587402344,20711600
3.107142925262451,3.18928599357605,3.2042860984802246,3.0928568840026855,10221400
3.384999990463257,3.192857027053833,3.4285709857940674,3.174285888671875,16424800
3.633570909500122,3.9100000858306885,4.017857074737549,3.604285955429077,60559800
4.309999942779541,4.164999961853027,4.357142925262451,4.128571033477783,26913600
4.146429061889648,4.257143020629883,4.324999809265137,4.131429195404053,15635200
3.4564290046691895,3.3407139778137207,3.5328569412231445,3.325000047683716,18921000
3.328571081161499,3.317142963409424,3.4228570461273193,3.257143020629883,23123800
3.2435710430145264,3.3428568840026855,3.357142925262451,3.2435710430145264,13987400
3.570713996887207,3.431428909301758,3.617856979370117,3.3328568935394287,28826000
3.3992860317230225,3.245713949203491,3.4178569316864014,3.23642897605896,14681800
3.6564290523529053,3.6478569507598877,3.6992859840393066,3.5964291095733643,18169200
3.936429023742676,4.070000171661377,4.17642879486084,3.9178569316864014,27525400
4.179286003112793,4.164999961853027,4.230713844299316,4.1471428871154785,16269400
4.539286136627197,4.432857036590576,4.564286231994629,4.291429042816162,37178400
4.598570823669434,4.664999961853027,4.679999828338623,4.5271430015563965,32963000
5.535714149475098,5.535714149475098,5.625,5.361429214477539,54593000
5.365714073181152,5.135714054107666,5.455714225769043,5.0535712242126465,49611800
5.300000190734863,5.195000171661377,5.382856845855713,5.1571431159973145,32034800
5.195713996887207,5.32857084274292,5.409999847412109,5.037143230438232,39651500
5.1571431159973145,5.039999961853027,5.17142915725708,4.929999828338623,21977900
4.857142925262451,4.914286136627197,4.99571418762207,4.7171430587768555,34990200
4.920000076293945,4.7171430587768555,4.942856788635254,4.715713977813721,20910400
4.728570938110352,4.568571090698242,4.800000190734863,4.5428571701049805,13554100
4.347143173217773,4.414286136627197,4.475714206695557,4.309999942779541,10858400
4.268570899963379,4.0714287757873535,4.317142963409424,3.95285701751709,22542800
5.17142915725708,5.025713920593262,5.244286060333252,5.0171427726745605,15334900
5.105713844299316,5.090000152587891,5.194285869598389,5.0,8607200
5.42285680770874,5.387143135070801,5.5171427726745605,5.294285774230957,14596400
4.128571033477783,4.25428581237793,4.3371429443359375,4.101428985595703,14166600
4.114285945892334,4.005713939666748,4.142857074737549,3.9571430683135986,11776800
3.9571430683135986,3.9057140350341797,4.057143211364746,3.9000000953674316,11827900
4.199999809265137,4.215713977813721,4.241428852081299,4.0328569412231445,16821700
4.241428852081299,4.357142925262451,4.384285926818848,4.195713996887207,12324900
4.751429080963135,4.742856979370117,4.752857208251953,4.650000095367432,11852400
4.627142906188965,4.6571431159973145,4.714285850524902,4.568571090698242,12985000
4.242856979370117,4.320000171661377,4.461429119110107,4.242856979370117,8957900
4.221428871154785,4.131429195404053,4.239999771118164,4.107142925262451,7959000
5.099999904632568,5.135714054107666,5.152856826782227,5.055714130401611,23076200
4.521429061889648,4.788570880889893,4.849999904632568,4.4885711669921875,15732500
3.8342859745025635,3.2885708808898926,3.871428966522217,3.265713930130005,183836100
3.057142972946167,2.857142925262451,3.0714290142059326,2.8457140922546387,18435900
2.8814289569854736,2.7228569984436035,2.890000104904175,2.642857074737549,19457200
2.5114290714263916,2.442857027053833,2.575714111328125,2.4200000762939453,21088200
2.390000104904175,2.448570966720581,2.512856960296631,2.3457140922546387,18316900
2.2642860412597656,2.262856960296631,2.2857139110565186,2.2214291095733643,7652400
2.2214291095733643,2.2385709285736084,2.2785708904266357,2.180000066757202,7523600
2.145714044570923,2.06428599357605,2.1571431159973145,2.007143020629883,8483300
2.142857074737549,2.1542859077453613,2.205713987350464,2.142857074737549,6568100
2.2857139110565186,2.3314290046691895,2.335714101791382,2.2142860889434814,11991000
2.4257140159606934,2.378571033477783,2.450000047683716,2.371428966522217,14012600
2.2985711097717285,2.3399999141693115,2.385714054107666,2.2485709190368652,10158400
2.4728569984436035,2.4642860889434814,2.5399999618530273,2.4071431159973145,31929100
2.491429090499878,2.490000009536743,2.5285708904266357,2.4285709857940674,22414700
1.4228570461273193,1.4185709953308105,1.4414290189743042,1.3814289569854736,55042400
1.364285945892334,1.352856993675232,1.385714054107666,1.342857003211975,15493100
1.4557139873504639,1.445713996887207,1.5057140588760376,1.440000057220459,35249200
1.6014289855957031,1.551429033279419,1.6042859554290771,1.535714030265808,16835700
1.6871429681777954,1.7028570175170898,1.7542860507965088,1.6457140445709229,80208800
1.6171430349349976,1.5642859935760498,1.6285710334777832,1.5585709810256958,11050200
1.6214289665222168,1.614285945892334,1.635714054107666,1.600000023841858,9328200
1.704285979270935,1.6157139539718628,1.7357139587402344,1.614285945892334,12709200
1.7271430492401123,1.8257139921188354,1.8471430540084839,1.708570957183838,25418400
1.6885709762573242,1.647143006324768,1.692857027053833,1.5885709524154663,27583500
1.63857102394104,1.7285710573196411,1.75,1.63857102394104,15022000
1.5871429443359375,1.5885709524154663,1.649999976158142,1.5714290142059326,7490700
1.5985709428787231,1.535714030265808,1.614285945892334,1.5042860507965088,12446000
1.5671429634094238,1.6014289855957031,1.6299999952316284,1.5585709810256958,6914600
1.6314289569854736,1.6399999856948853,1.6642860174179077,1.6271430253982544,4743900
1.6185710430145264,1.592857003211975,1.6271430253982544,1.5828570127487183,8241800
1.5957139730453491,1.5642859935760498,1.605713963508606,1.551429033279419,5604900
1.5271430015563965,1.5085710287094116,1.5557140111923218,1.5,7331800
1.511428952217102,1.445713996887207,1.5171430110931396,1.4371429681777954,7678300
1.3214290142059326,1.3142859935760498,1.3214290142059326,1.307142972946167,6983200
1.2999999523162842,1.3128570318222046,1.3214290142059326,1.292857050895691,5862500
1.3785710334777832,1.397143006324768,1.4185709953308105,1.3571430444717407,12515300
1.5771429538726807,1.605713963508606,1.6242860555648804,1.5614290237426758,7477400
1.6728570461273193,1.6671429872512817,1.7000000476837158,1.6614290475845337,4146800
1.6228569746017456,1.600000023841858,1.6328569650650024,1.5757139921188354,16993200
1.6100000143051147,1.6428569555282593,1.6714290380477905,1.6100000143051147,4319000
1.647143006324768,1.6528569459915161,1.6628570556640625,1.6171430349349976,3019800
1.8571430444717407,1.9757139682769775,2.0557138919830322,1.7828569412231445,44876300
2.0999999046325684,2.068571090698242,2.0999999046325684,1.9500000476837158,16391900
2.101428985595703,2.078571081161499,2.127142906188965,2.069999933242798,4358900
2.0285708904266357,2.0714290142059326,2.104285955429077,2.0285708904266357,4250400
2.078571081161499,2.174285888671875,2.18571400642395,2.057142972946167,6477100
2.4571430683135986,2.518570899963379,2.5485711097717285,2.442857027053833,15251600
2.440000057220459,2.380000114440918,2.4757139682769775,2.357142925262451,3711400
2.3428568840026855,2.364285945892334,2.382857084274292,2.335714101791382,2040500
2.3399999141693115,2.390000104904175,2.434286117553711,2.3214290142059326,5493600
2.4014289379119873,2.458570957183838,2.5,2.4014289379119873,7826000
2.4128570556640625,2.378571033477783,2.430000066757202,2.364285945892334,3916500
2.859999895095825,2.7157139778137207,2.9714291095733643,2.7142860889434814,82747000
2.950000047683716,2.995713949203491,3.007143020629883,2.934286117553711,8036700
3.0342860221862793,2.981429100036621,3.107142925262451,2.947143077850342,10217200
3.124285936355591,3.13857102394104,3.208570957183838,3.121428966522217,7940800
3.008570909500122,3.008570909500122,3.06428599357605,3.004286050796509,1989400
3.1314289569854736,3.057142972946167,3.1342859268188477,3.0314290523529053,4365200
3.4742860794067383,3.567142963409424,3.578571081161499,3.442857027053833,13586300
3.4857139587402344,3.3814289569854736,3.494286060333252,3.367142915725708,9182600
3.4785709381103516,3.3242859840393066,3.481429100036621,3.2857139110565186,8695400
3.5242860317230225,3.4857139587402344,3.562856912612915,3.4757139682769775,9803500
3.8657140731811523,3.8557140827178955,3.991429090499878,3.838571071624756,14857500
4.057143211364746,4.1085710525512695,4.111429214477539,3.914285898208618,6227900
3.872857093811035,4.050000190734863,4.0714287757873535,3.8085711002349854,12467700
3.7828569412231445,3.8528571128845215,3.892857074737549,3.75,13588400
3.9128570556640625,3.8685710430145264,4.022857189178467,3.7614290714263916,29425200
4.0,4.079999923706055,4.185713768005371,3.992856979370117,15790600
4.1414289474487305,4.059999942779541,4.1785712242126465,3.9571430683135986,8668800
4.145713806152344,4.145713806152344,4.2228569984436035,4.138570785522461,6227900
4.0714287757873535,3.940000057220459,4.085713863372803,3.9285709857940674,10572800
3.8914289474487305,3.9285709857940674,3.93571400642395,3.890000104904175,3061800
3.492856979370117,3.43571400642395,3.569999933242798,3.4157140254974365,13146700
3.93571400642395,3.9614291191101074,3.9671430587768555,3.9157140254974365,3277400
3.86142897605896,3.885714054107666,3.940000057220459,3.859999895095825,4174100
3.5399999618530273,3.674285888671875,3.690000057220459,3.5142860412597656,11428900
3.6157140731811523,3.680000066757202,3.700000047683716,3.559999942779541,7396200
4.072856903076172,3.9742860794067383,4.085713863372803,3.895714044570923,20804000
3.9071431159973145,3.872857093811035,3.9285709857940674,3.7857139110565186,11245500
3.75,3.754286050796509,3.755713939666748,3.6685709953308105,8971900
3.554286003112793,3.5928568840026855,3.6314289569854736,3.554286003112793,4835600
3.5999999046325684,3.677143096923828,3.677143096923828,3.5814290046691895,8024100
3.799999952316284,3.822856903076172,3.8528571128845215,3.7885708808898926,4018700
3.642857074737549,3.5899999141693115,3.648571014404297,3.572856903076172,4598300
3.5814290046691895,3.585714101791382,3.6371428966522217,3.5742859840393066,6333600
4.0114288330078125,4.041429042816162,4.0928568840026855,3.9285709857940674,7041300
4.1414289474487305,4.00428581237793,4.142857074737549,3.93571400642395,8407700
4.035714149475098,3.991429090499878,4.159999847412109,3.9514288902282715,4972800
4.095714092254639,4.1028571128845215,4.15571403503418,4.050000190734863,6859300
4.142857074737549,4.17142915725708,4.17142915725708,4.107142925262451,5381600
4.541429042816162,4.46999979019165,4.614285945892334,4.441429138183594,6516300
4.228570938110352,4.314286231994629,4.340000152587891,4.215713977813721,9424100
4.25,4.227142810821533,4.25,4.145713806152344,6456100
4.101428985595703,4.012856960296631,4.115714073181152,4.008571147918701,6195700
3.9628570079803467,4.0,4.03000020980835,3.914285898208618,7256900
3.945713996887207,4.072856903076172,4.072856903076172,3.945713996887207,4203500
3.9128570556640625,3.8414289951324463,3.9128570556640625,3.799999952316284,8615600
3.9514288902282715,3.874285936355591,3.9600000381469727,3.8471429347991943,8561700
3.88857102394104,3.8814289569854736,3.8971428871154785,3.791429042816162,10173100
3.924285888671875,3.9571430683135986,4.007143020629883,3.924285888671875,4006100
3.7957139015197754,3.802856922149658,3.838571071624756,3.7785708904266357,3276000
3.747143030166626,3.6185710430145264,3.7757139205932617,3.552856922149658,19475400
3.3242859840393066,3.2928569316864014,3.3442859649658203,3.2814290523529053,8186500
2.7357139587402344,2.7185709476470947,2.742856979370117,2.7014288902282715,23378600
2.9857139587402344,2.955713987350464,2.9857139587402344,2.9285709857940674,8388100
2.859999895095825,2.878571033477783,2.885714054107666,2.8314290046691895,7313600
2.8628571033477783,2.8499999046325684,2.9000000953674316,2.8299999237060547,6462400
2.63857102394104,2.674285888671875,2.6914288997650146,2.622857093811035,7109900
2.7842860221862793,2.869999885559082,2.8842859268188477,2.7699999809265137,7435400
3.161428928375244,3.2114291191101074,3.2228569984436035,3.161428928375244,4983300
3.1785709857940674,3.135714054107666,3.237143039703369,3.0999999046325684,13532400
3.315713882446289,3.254286050796509,3.3557140827178955,3.234286069869995,9544500
3.2799999713897705,3.31428599357605,3.338571071624756,3.258570909500122,5247200
3.455713987350464,3.4285709857940674,3.455713987350464,3.4100000858306885,2941400
3.182857036590576,3.1628570556640625,3.2171430587768555,3.161428928375244,7921900
3.9014289379119873,3.9100000858306885,4.014286041259766,3.8057138919830322,83430200
3.819999933242798,3.81428599357605,3.9171431064605713,3.742856979370117,8771000
3.93571400642395,4.12571382522583,4.138570785522461,3.9071431159973145,15641500
4.21999979019165,4.212856769561768,4.284286022186279,4.187142848968506,4727100
4.104286193847656,4.119999885559082,4.142857074737549,4.074285984039307,6202700
3.9642860889434814,3.950000047683716,3.984286069869995,3.8971428871154785,4631900
4.084286212921143,4.057143211364746,4.095714092254639,4.021429061889648,2983400
3.942857027053833,3.8057138919830322,3.9571430683135986,3.7957139015197754,6941200
3.7614290714263916,3.7285709381103516,3.8057138919830322,3.7271430492401123,7859600
3.4085710048675537,3.244286060333252,3.411428928375244,3.241429090499878,22171100
3.259999990463257,3.2614290714263916,3.2928569316864014,3.234286069869995,15204000
3.2642860412597656,3.128571033477783,3.2814290523529053,3.114285945892334,18595500
3.268570899963379,3.247143030166626,3.299999952316284,3.2357139587402344,7888300
3.2142860889434814,3.188570976257324,3.2385709285736084,3.1657140254974365,15805300
3.2171430587768555,3.2671430110931396,3.2728569507598877,3.197143077850342,10532900
3.359999895095825,3.3414289951324463,3.3657140731811523,3.317142963409424,64801800
3.3871428966522217,3.304286003112793,3.4028570652008057,3.0714290142059326,6216700
3.0299999713897705,3.0342860221862793,3.0899999141693115,3.0299999713897705,6320300
3.0,2.93571400642395,3.0228569507598877,2.9285709857940674,9384200
3.2857139110565186,3.390000104904175,3.3971428871154785,3.2757139205932617,10215800
3.374285936355591,3.3399999141693115,3.374285936355591,3.2957139015197754,5481700
3.328571081161499,3.354285955429077,3.390000104904175,3.312856912612915,7243600
3.492856979370117,3.5142860412597656,3.557142972946167,3.4514288902282715,5466300
3.5142860412597656,3.4228570461273193,3.5142860412597656,3.4057140350341797,12124700
3.171428918838501,3.1728570461273193,3.182857036590576,3.132857084274292,5637800
3.1314289569854736,3.1585710048675537,3.2771430015563965,3.127142906188965,18639600
3.1657140254974365,3.174285888671875,3.1914288997650146,3.1628570556640625,4162200
3.0814290046691895,3.117142915725708,3.140000104904175,3.0742859840393066,5142200
3.208570957183838,3.2857139110565186,3.301429033279419,3.182857036590576,7024500
3.119999885559082,3.0814290046691895,3.182857036590576,3.049999952316284,8029700
3.0485711097717285,3.2285709381103516,3.254286050796509,3.044286012649536,33418000
3.1785709857940674,3.132857084274292,3.2357139587402344,3.1157140731811523,18034800
2.791429042816162,2.8557140827178955,2.9028570652008057,2.7871429920196533,10077900
2.851428985595703,2.7885708808898926,2.8557140827178955,2.7857139110565186,5786200
2.8342859745025635,2.9128570556640625,2.9257140159606934,2.8342859745025635,8071000
2.8914289474487305,2.8585710525512695,2.8914289474487305,2.8428568840026855,5497100
2.8914289474487305,2.8657140731811523,2.9014289379119873,2.857142925262451,5152700
2.3842859268188477,2.5485711097717285,2.561429023742676,2.3214290142059326,33457200
2.5285708904266357,2.4614291191101074,2.5285708904266357,2.442857027053833,9654400
2.557142972946167,2.5557138919830322,2.565713882446289,2.390000104904175,10725400
2.504286050796509,2.491429090499878,2.557142972946167,2.484286069869995,5427100
2.4985709190368652,2.45285701751709,2.4985709190368652,2.398571014404297,5513200
2.4671430587768555,2.4571430683135986,2.4985709190368652,2.43571400642395,4953900
2.568571090698242,2.5914289951324463,2.674285888671875,2.5257139205932617,11164300
2.4657139778137207,2.5314290523529053,2.5428569316864014,2.45285701751709,4784500
2.7857139110565186,2.8057138919830322,2.809999942779541,2.7514290809631348,8152900
2.742856979370117,2.755713939666748,2.794286012649536,2.7285709381103516,6366500
2.9828569889068604,3.0199999809265137,3.0385708808898926,2.9671430587768555,4897900
3.1785709857940674,3.255713939666748,3.2857139110565186,3.1671431064605713,8563100
3.4700000286102295,3.319999933242798,3.4700000286102295,3.2285709381103516,11195100
3.6128571033477783,3.607142925262451,3.625714063644409,3.4657139778137207,13043100
3.677143096923828,3.7671430110931396,3.7828569412231445,3.642857074737549,7771400
3.819999933242798,3.8842859268188477,3.930000066757202,3.7242860794067383,10652600
3.5142860412597656,3.630000114440918,3.630000114440918,3.5014290809631348,6433000
3.104285955429077,3.107142925262451,3.128571033477783,3.0371429920196533,6153000
3.2142860889434814,3.2871429920196533,3.319999933242798,3.200000047683716,9417800
3.4285709857940674,3.3971428871154785,3.5428569316864014,3.367142915725708,9137800
3.2699999809265137,3.291429042816162,3.291429042816162,3.2157139778137207,5160400
3.3242859840393066,3.4542860984802246,3.4671430587768555,3.2814290523529053,4935000
3.921428918838501,3.8471429347991943,3.958570957183838,3.755713939666748,7536900
3.794286012649536,3.7642860412597656,3.892857074737549,3.6628570556640625,12527900
3.5299999713897705,3.554286003112793,3.56428599357605,3.385714054107666,12693800
3.1314289569854736,3.109999895095825,3.2271430492401123,3.0871429443359375,11844000
3.0328569412231445,3.1757140159606934,3.247143030166626,2.9071431159973145,14127400
3.544286012649536,3.627142906188965,3.6571431159973145,3.509999990463257,12623100
3.68571400642395,3.7171430587768555,3.8428568840026855,3.627142906188965,15107400
3.851428985595703,3.8414289951324463,3.864285945892334,3.819999933242798,9594900
3.9285709857940674,3.981429100036621,3.9985709190368652,3.9042859077453613,7112000
3.9728569984436035,4.142857074737549,4.214285850524902,3.9728569984436035,16592100
4.360000133514404,4.465713977813721,4.534286022186279,4.307143211364746,10600800
4.735713958740234,4.862856864929199,4.9285712242126465,4.735713958740234,15894200
4.687142848968506,4.712856769561768,4.814286231994629,4.618570804595947,9300900
5.317142963409424,5.194285869598389,5.34428596496582,5.019999980926514,12809300
5.0714287757873535,5.215713977813721,5.271429061889648,4.914286136627197,16173500
5.1785712242126465,5.072856903076172,5.21999979019165,5.015714168548584,7887600
5.2614288330078125,5.567142963409424,5.5871429443359375,5.2171430587768555,15433600
5.508571147918701,5.617143154144287,5.804286003112793,5.508571147918701,22172500
4.524285793304443,4.4285712242126465,4.568571090698242,4.334286212921143,17323600
4.414286136627197,4.420000076293945,4.431428909301758,4.351428985595703,4996600
4.312857151031494,4.522857189178467,4.559999942779541,4.287143230438232,14801500
4.597143173217773,4.5271430015563965,4.642857074737549,4.505713939666748,13125700
4.6085710525512695,4.7385711669921875,4.857142925262451,4.55142879486084,10714900
4.392857074737549,4.37571382522583,4.478570938110352,4.348570823669434,4574500
4.6085710525512695,4.485713958740234,4.6085710525512695,4.415713787078857,7775600
4.164286136627197,4.228570938110352,4.268570899963379,4.144286155700684,6297900
3.7871429920196533,3.7242860794067383,3.857142925262451,3.7200000286102295,8149400
4.067142963409424,3.9785709381103516,4.122857093811035,3.934286117553711,8330700
3.9442861080169678,3.958570957183838,4.031428813934326,3.871428966522217,12454400
4.055714130401611,3.9785709381103516,4.115714073181152,3.8328568935394287,27176100
4.42142915725708,4.361429214477539,4.481429100036621,4.302856922149658,9216900
4.237143039703369,4.2614288330078125,4.30142879486084,4.228570938110352,11844000
4.414286136627197,4.5485711097717285,4.59428596496582,4.372857093811035,13657000
4.347143173217773,4.30142879486084,4.377142906188965,4.272857189178467,6036800
4.44857120513916,4.40571403503418,4.491428852081299,4.364285945892334,4333700
4.440000057220459,4.415713787078857,4.53000020980835,4.380000114440918,5409600
4.309999942779541,4.307143211364746,4.401429176330566,4.227142810821533,11142600
4.079999923706055,4.434286117553711,4.454286098480225,4.079999923706055,18216800
4.5485711097717285,4.50428581237793,4.642857074737549,4.4728569984436035,5840800
4.17285680770874,4.138570785522461,4.4285712242126465,4.099999904632568,5013400
3.132857084274292,3.2485709190368652,3.3942859172821045,3.0714290142059326,13895000
3.6085710525512695,3.628571033477783,3.742856979370117,3.5557138919830322,8341900
2.8942859172821045,2.9700000286102295,3.0214290618896484,2.8685710430145264,11550700
2.619999885559082,2.938570976257324,2.9414288997650146,2.578571081161499,14797300
3.078571081161499,3.122857093811035,3.1757140159606934,3.0371429920196533,5490800
3.1057140827178955,2.9571430683135986,3.1371428966522217,2.942857027053833,4350500
3.1557140350341797,3.0357139110565186,3.1571431159973145,3.004286050796509,7175700
3.198570966720581,3.315713882446289,3.3685710430145264,3.1542859077453613,6883800
4.0485711097717285,4.072856903076172,4.1085710525512695,3.890000104904175,5471900
4.07714319229126,4.112856864929199,4.15571403503418,3.987143039703369,6004600
4.038570880889893,3.9885709285736084,4.0428571701049805,3.859999895095825,8297100
4.591429233551025,4.705714225769043,4.75,4.590000152587891,12065900
4.561429023742676,4.465713977813721,4.561429023742676,4.3214287757873535,6655600
4.325714111328125,4.384285926818848,4.4128570556640625,4.188570976257324,8064000
4.3428568840026855,4.307143211364746,4.4571428298950195,4.158570766448975,15659700
5.085713863372803,5.3528571128845215,5.3585710525512695,5.085713863372803,14248500
5.230000019073486,5.167142868041992,5.357142925262451,5.150000095367432,16384200
5.2328572273254395,5.257143020629883,5.395713806152344,5.2228569984436035,11410700
5.227142810821533,5.112856864929199,5.307143211364746,5.054286003112793,15887900
5.057143211364746,4.9071431159973145,5.1414289474487305,4.8585710525512695,15885100
5.258571147918701,5.708570957183838,5.714285850524902,5.214285850524902,14080500
5.535714149475098,5.82714319229126,5.82714319229126,5.444285869598389,11903500
5.8914289474487305,5.6685709953308105,5.8914289474487305,5.630000114440918,11035500
6.111429214477539,6.12428617477417,6.2828569412231445,6.0171427726745605,10427900
6.1414289474487305,6.357142925262451,6.377142906188965,6.099999904632568,12506900
6.6785712242126465,6.895713806152344,6.94857120513916,6.612856864929199,9825200
7.062857151031494,6.6571431159973145,7.070000171661377,6.3971428871154785,24563000
6.464285850524902,6.354286193847656,6.485713958740234,6.318571090698242,7328300
6.44857120513916,6.1414289474487305,6.49571418762207,5.964285850524902,16352000
5.648571014404297,5.6571431159973145,5.714285850524902,5.454286098480225,12990600
5.714285850524902,5.5871429443359375,5.805714130401611,5.505713939666748,9964500
5.514286041259766,5.727142810821533,5.772857189178467,5.5,8136100
5.757143020629883,5.598570823669434,5.7614288330078125,5.521429061889648,10232600
5.652856826782227,5.408570766448975,5.65571403503418,5.372857093811035,13949600
5.351428985595703,5.4514288902282715,5.505713939666748,5.2928571701049805,14079800
5.627142906188965,5.872857093811035,5.882856845855713,5.591429233551025,9097200
5.927143096923828,5.90571403503418,5.968571186065674,5.7014288902282715,11391800
5.62571382522583,5.724286079406738,5.7671427726745605,5.62571382522583,5254900
6.258571147918701,6.34428596496582,6.345714092254639,6.187142848968506,9424800
6.3585710525512695,6.402856826782227,6.425714015960693,6.2328572273254395,9681000
6.0814290046691895,6.230000019073486,6.304286003112793,6.07714319229126,10226300
6.400000095367432,6.311429023742676,6.414286136627197,6.235713958740234,8518300
6.584286212921143,6.355713844299316,6.59428596496582,6.311429023742676,7927500
6.257143020629883,6.409999847412109,6.535714149475098,6.24571418762207,9780400
6.474286079406738,6.3314290046691895,6.550000190734863,6.32857084274292,7900900
5.901429176330566,5.755713939666748,5.9285712242126465,5.610000133514404,19494300
5.900000095367432,5.925714015960693,5.975714206695557,5.82857084274292,7308000
6.585713863372803,6.771429061889648,6.78000020980835,6.534286022186279,12318600
6.849999904632568,6.692856788635254,6.855713844299316,6.685713768005371,5079900
6.591429233551025,6.567142963409424,6.69857120513916,6.502857208251953,9012500
6.590000152587891,6.57714319229126,6.70285701751709,6.550000190734863,6747300
6.579999923706055,6.6414289474487305,6.708570957183838,6.562857151031494,4514300
7.115714073181152,7.841429233551025,8.214285850524902,7.104286193847656,50787800
7.82714319229126,7.648571014404297,7.90571403503418,7.574285984039307,11095000
7.597143173217773,7.685713768005371,7.768570899963379,7.514286041259766,5878600
8.492856979370117,8.312856674194336,8.54857063293457,8.29285717010498,5187000
8.518570899963379,8.678570747375488,8.712857246398926,8.430000305175781,9716700
8.187143325805664,8.264286041259766,8.359999656677246,7.815713882446289,5754700
8.337142944335938,8.428570747375488,8.54285717010498,8.294285774230957,9093700
8.140000343322754,7.987143039703369,8.140000343322754,7.9285712242126465,9392600
7.794285774230957,7.675714015960693,7.8314290046691895,7.67142915725708,10091200
7.714285850524902,7.658570766448975,7.885714054107666,7.630000114440918,11729200
7.361429214477539,7.617143154144287,7.67285680770874,7.197143077850342,23290400
7.659999847412109,7.604286193847656,7.704286098480225,7.528571128845215,6783700
7.2171430587768555,7.312857151031494,7.454286098480225,7.214285850524902,8614900
6.960000038146973,7.135714054107666,7.1785712242126465,6.937142848968506,11343500
8.59571361541748,8.691429138183594,8.715714454650879,8.468570709228516,11099200
8.872857093811035,8.784285545349121,8.918571472167969,8.720000267028809,5807900
9.14142894744873,9.372857093811035,9.374285697937012,9.014286041259766,10717700
9.998571395874023,9.854286193847656,10.0,9.831428527832031,11956700
10.021429061889648,9.997142791748047,10.071429252624512,9.902856826782227,9369500
10.128570556640625,10.131428718566895,10.248571395874023,10.057143211364746,4390400
10.050000190734863,10.412857055664062,10.428570747375488,10.007143020629883,7216300
10.517143249511719,10.714285850524902,10.814286231994629,10.517143249511719,13577200
11.488571166992188,11.90999984741211,11.99571418762207,11.40571403503418,27422500
12.351428985595703,12.187143325805664,12.414285659790039,12.025713920593262,10971800
12.635713577270508,12.425713539123535,12.714285850524902,12.19857120513916,24311700
14.348570823669434,15.45285701751709,15.671428680419922,14.348570823669434,47215000
13.871429443359375,13.852856636047363,14.427143096923828,12.85714340209961,24448900
13.664285659790039,14.260000228881836,14.592857360839844,13.65428638458252,23100700
13.061429023742676,14.210000038146973,14.284285545349121,12.972857475280762,30009000
15.350000381469727,14.971428871154785,15.54714298248291,14.79714298248291,33401900
16.860000610351562,16.95142936706543,17.125713348388672,16.624286651611328,24768100
17.85714340209961,17.64285659790039,17.884286880493164,17.461429595947266,31710700
16.48714256286621,16.854286193847656,16.945714950561523,16.071428298950195,18129300
15.712857246398926,15.521429061889648,16.18428611755371,15.427143096923828,26104400
17.38142967224121,17.301429748535156,17.46428680419922,17.034286499023438,15295700
16.735713958740234,17.198570251464844,17.27142906188965,16.364286422729492,17623900
14.241429328918457,14.649999618530273,14.739999771118164,14.077142715454102,30704800
14.99571418762207,15.447142601013184,15.5,14.95714282989502,24243100
16.85714340209961,16.700000762939453,16.992856979370117,16.37285614013672,21420000
17.678571701049805,18.31999969482422,18.538570404052734,17.65571403503418,46575900
17.940000534057617,17.325714111328125,17.950000762939453,17.29142951965332,36478400
20.0,19.78285789489746,20.35714340209961,19.7214298248291,34800500
20.51285743713379,20.85714340209961,21.105714797973633,20.48285675048828,38980200
21.34428596496582,21.134286880493164,21.421428680419922,21.0,23407300
22.68000030517578,22.924285888671875,23.38857078552246,22.63142967224121,81991000
23.549999237060547,23.12285614013672,23.56999969482422,22.784286499023438,38302600
21.719999313354492,21.37714385986328,21.85714340209961,21.149999618530273,24377500
22.58571434020996,22.087142944335938,22.78571319580078,22.001428604125977,22960700
22.34428596496582,21.85714340209961,22.378570556640625,21.71714210510254,19976600
25.571428298950195,25.100000381469727,25.60285758972168,24.7214298248291,26392100
23.812856674194336,24.515714645385742,24.768571853637695,23.794286727905273,38203200
24.941429138183594,24.71428680419922,25.270000457763672,24.299999237060547,29166900
23.530000686645508,23.81142807006836,24.072856903076172,23.431428909301758,18810400
25.867143630981445,26.902856826782227,26.957143783569336,25.85714340209961,71804600
27.747142791748047,27.63142967224121,28.064285278320312,27.334285736083984,59782800
28.178571701049805,27.115713119506836,28.485713958740234,27.072856903076172,49305200
26.15142822265625,25.71714210510254,26.35714340209961,25.65571403503418,103407500
26.731428146362305,26.47857093811035,27.108570098876953,26.371429443359375,29177400
25.735713958740234,25.715713500976562,25.834285736083984,25.394285202026367,26189100
25.16857147216797,25.427143096923828,25.670000076293945,25.092857360839844,31991400
27.059999465942383,26.66428565979004,27.328571319580078,26.538570404052734,32522700
26.408571243286133,26.01285743713379,26.511428833007812,25.955713272094727,24908100
26.77142906188965,26.14714241027832,26.79857063293457,25.9757137298584,59841600
30.44285774230957,30.582857131958008,30.93000030517578,30.03714370727539,41064100
31.567142486572266,31.885713577270508,32.14285659790039,31.472856521606445,21756700
34.78428649902344,34.3985710144043,34.95000076293945,34.00143051147461,48073900
30.661428451538086,30.34857177734375,31.06999969482422,30.149999618530273,29468600
29.28571319580078,29.17571449279785,29.64285659790039,28.821428298950195,33028800
30.67571449279785,29.628570556640625,30.698570251464844,29.178571701049805,37129400
30.99142837524414,30.55714225769043,31.38142967224121,30.407142639160156,28709800
31.538570404052734,31.62714385986328,31.814285278320312,31.14285659790039,46892300
34.42856979370117,34.584285736083984,34.91999816894531,34.342857360839844,37766400
35.42856979370117,34.281429290771484,35.55428695678711,34.04571533203125,40247200
33.25428771972656,32.59428787231445,33.672855377197266,32.354286193847656,31331300
34.87714385986328,36.031429290771484,36.04571533203125,34.7985725402832,36942500
33.87285614013672,32.7014274597168,34.604286193847656,32.47142791748047,110663700
33.25285720825195,32.781429290771484,33.30571365356445,32.71428680419922,22122800
34.150001525878906,34.38142776489258,34.64285659790039,34.00143051147461,33600000
35.14285659790039,33.869998931884766,35.15285873413086,33.47142791748047,33921300
37.0428581237793,37.67856979370117,37.98285675048828,36.93714141845703,41690600
38.17856979370117,38.68571472167969,38.68571472167969,37.771427154541016,33658800
37.37428665161133,36.94571304321289,37.79999923706055,36.83142852783203,30501800
37.06856918334961,36.73143005371094,37.538570404052734,36.612857818603516,22248100
34.551429748535156,35.09000015258789,35.40142822265625,34.3028564453125,19649000
37.81428527832031,37.52714157104492,37.85714340209961,37.25714111328125,17966900
39.42856979370117,41.37571334838867,41.604286193847656,39.387142181396484,62904100
41.137142181396484,40.9900016784668,41.39285659790039,40.23143005371094,28459200
40.42856979370117,40.20000076293945,40.70000076293945,39.71714401245117,19914300
40.08142852783203,40.218570709228516,40.78571319580078,39.628570556640625,52708600
36.72142791748047,35.11000061035156,37.18143081665039,34.96571350097656,33214300
32.4514274597168,33.97142791748047,34.29999923706055,32.01856994628906,36947400
30.624286651611328,29.31571388244629,31.571428298950195,29.28571319580078,32870600
31.29142951965332,30.86142921447754,31.428571701049805,29.928571701049805,30849700
32.424285888671875,32.1485710144043,32.42571258544922,31.75,19516000
30.579999923706055,30.171428680419922,31.25,29.972856521606445,27562500
29.994285583496094,29.821428298950195,29.997142791748047,29.149999618530273,21983500
18.292856216430664,18.479999542236328,19.170000076293945,18.21714210510254,74465300
18.362857818603516,18.162857055664062,18.899999618530273,18.08142852783203,56025200
16.448570251464844,16.178571701049805,17.134286880493164,16.088571548461914,59146500
16.08571434020996,16.715713500976562,16.99571418762207,15.89285659790039,69115200
16.75,15.962857246398926,16.784286499023438,15.79714298248291,42016100
11.468570709228516,12.020000457763672,12.09428596496582,11.371429443359375,57769600
11.529999732971191,11.912857055664062,12.057143211364746,11.444286346435547,41384000
13.0,12.975713729858398,13.40571403503418,12.854286193847656,47485200
11.53857135772705,10.922857284545898,11.571429252624512,10.827142715454102,52823400
9.8871431350708,10.064286231994629,10.600000381469727,9.85714340209961,106696800
9.460000038146973,9.481429100036621,9.69857120513916,9.30142879486084,39710300
9.757143020629883,10.279999732971191,10.395713806152344,9.64285659790039,59046400
9.962857246398926,10.751428604125977,10.975713729858398,9.931428909301758,93400300
10.15999984741211,10.54857063293457,10.628570556640625,10.15999984741211,25860800
10.328571319580078,10.085714340209961,10.355713844299316,10.028571128845215,21940800
11.302857398986816,12.327142715454102,12.471428871154785,11.242856979370117,125610800
13.569999694824219,13.164285659790039,13.657142639160156,13.064286231994629,87148600
16.27142906188965,16.572856903076172,17.0528564453125,16.00857162475586,158944100
17.855714797973633,17.171428680419922,17.927143096923828,16.821428298950195,84273700
17.7214298248291,17.704286575317383,18.03571319580078,17.5528564453125,33901000
17.661428451538086,17.437143325805664,17.902856826782227,17.29857063293457,37126600
15.585714340209961,16.10714340209961,16.238571166992188,15.502857208251953,36876000
15.64142894744873,15.304286003112793,15.65428638458252,15.14285659790039,32221700
15.751428604125977,15.708571434020996,15.958571434020996,15.365714073181152,37198700
16.571428298950195,17.157142639160156,17.270000457763672,16.51714324951172,47321400
17.3700008392334,17.427143096923828,17.455713272094727,17.02142906188965,32428200
15.705714225769043,15.785714149475098,15.944286346435547,15.617142677307129,22763300
15.331428527832031,14.5600004196167,15.399999618530273,14.54285717010498,35105000
15.359999656677246,15.158571243286133,15.45285701751709,15.09571361541748,18275600
12.65571403503418,12.335714340209961,12.65571403503418,11.651429176330566,83428800
11.802857398986816,11.44857120513916,11.838570594787598,11.394286155700684,52679200
10.692856788635254,10.34571361541748,10.71142864227295,10.300000190734863,26424300
11.111429214477539,11.068571090698242,11.328571319580078,11.014286041259766,31319400
10.085714340209961,10.031429290771484,10.501428604125977,9.984286308288574,33371100
9.782856941223145,9.619999885559082,9.85714340209961,9.571429252624512,32890900
9.035714149475098,9.285714149475098,9.319999694824219,8.90999984741211,35291200
8.970000267028809,8.95142936706543,9.021429061889648,8.717143058776855,26137300
9.557143211364746,9.975713729858398,10.068571090698242,9.507143020629883,27706700
9.757143020629883,9.784285545349121,9.822856903076172,9.54714298248291,19991300
11.854286193847656,11.855713844299316,12.027142524719238,11.449999809265137,43262800
11.708571434020996,11.874285697937012,12.118571281433105,11.645713806152344,29133300
11.581428527832031,11.484286308288574,11.781429290771484,11.115714073181152,64700300
7.8371429443359375,7.7014288902282715,7.925714015960693,7.544285774230957,37295300
8.224286079406738,8.257143020629883,8.412857055664062,8.167142868041992,18194400
8.74571418762207,8.558570861816406,8.75,8.35714340209961,33324900
9.431428909301758,9.149999618530273,9.491429328918457,9.082857131958008,32580800
8.89142894744873,8.992856979370117,9.084285736083984,8.881428718566895,15859200
8.097143173217773,8.09428596496582,8.257143020629883,7.978570938110352,29617700
8.214285850524902,8.172857284545898,8.361429214477539,8.079999923706055,22096900
8.425713539123535,8.145713806152344,8.428570747375488,8.109999656677246,36278900
7.980000019073486,7.935713768005371,8.014286041259766,7.737143039703369,21350700
8.064286231994629,8.065713882446289,8.184286117553711,7.900000095367432,21589400
9.399999618530273,9.1899995803833,9.514286041259766,9.10857105255127,20710200
9.430000305175781,9.78857135772705,9.831428527832031,9.377142906188965,26464200
9.194286346435547,9.697142601013184,9.96142864227295,9.184286117553711,45678500
11.121429443359375,11.098570823669434,11.384285926818848,10.664285659790039,62669600
11.008570671081543,10.90999984741211,11.421428680419922,10.815713882446289,39102700
11.611429214477539,11.557143211364746,11.871429443359375,11.474286079406738,32164300
11.785714149475098,11.85714340209961,12.079999923706055,11.785714149475098,10889900
11.800000190734863,11.722857475280762,11.84000015258789,11.438570976257324,13484100
11.742856979370117,12.3100004196167,12.651429176330566,11.671428680419922,38103800
12.185713768005371,12.29714298248291,12.46142864227295,12.057143211364746,16028600
13.149999618530273,13.04857063293457,13.268570899963379,13.015713691711426,28430500
12.834285736083984,12.949999809265137,13.271429061889648,12.768570899963379,15166900
12.768570899963379,13.227143287658691,13.35714340209961,12.715714454650879,18078900
13.795714378356934,14.0,14.274286270141602,13.671428680419922,26117700
14.717143058776855,14.527142524719238,14.908571243286133,14.435713768005371,17068100
20.809999465942383,24.222856521606445,24.66857147216797,20.801429748535156,191445800
24.784286499023438,23.957143783569336,25.071428298950195,23.23714256286621,48062700
23.25428581237793,24.96285629272461,25.018571853637695,23.25428581237793,50969100
26.755714416503906,26.77142906188965,27.121429443359375,26.384286880493164,31979500
27.28571319580078,28.064285278320312,28.167142868041992,27.16428565979004,34138300
26.729999542236328,27.0528564453125,27.191429138183594,26.601428985595703,21451500
26.02142906188965,26.134286880493164,26.4228572845459,25.654285430908203,17435600
26.28571319580078,25.7785701751709,26.360000610351562,25.572856903076172,21015400
26.05714225769043,25.998571395874023,26.77142906188965,25.99571418762207,18804100
26.28571319580078,27.229999542236328,27.520000457763672,26.22857093811035,46817400
23.360000610351562,23.522857666015625,24.35714340209961,23.218570709228516,32512900
24.0,23.724285125732422,24.207143783569336,23.558570861816406,29709400
25.079999923706055,25.21428680419922,26.049999237060547,24.9714298248291,46529000
30.997142791748047,30.53571319580078,31.255714416503906,30.46714210510254,29274000
30.657142639160156,30.867143630981445,31.39285659790039,30.605714797973633,25071200
30.915714263916016,31.09857177734375,31.39285659790039,30.65142822265625,18844700
34.209999084472656,34.771427154541016,35.06142807006836,33.97571563720703,36029700
34.06285858154297,34.22142791748047,34.521427154541016,33.82285690307617,14765800
30.86142921447754,31.808570861816406,31.85714340209961,30.2214298248291,24087700
31.445714950561523,32.18714141845703,32.50714111328125,31.224285125732422,23006900
30.681428909301758,30.56999969482422,31.04142951965332,30.33142852783203,12495700
32.57143020629883,33.18714141845703,33.6971435546875,32.51571273803711,22353100
30.428571701049805,30.799999237060547,31.297143936157227,29.85714340209961,17896200
33.577144622802734,35.34000015258789,35.34428787231445,33.5528564453125,35509600
38.20428466796875,37.797142028808594,38.27857208251953,37.59714126586914,18120200
35.674285888671875,34.47142791748047,36.03571319580078,34.31428527832031,33409600
35.15142822265625,34.994285583496094,35.810001373291016,34.64285659790039,13215300
35.98143005371094,35.771427154541016,36.271427154541016,35.49285888671875,14800100
36.95000076293945,37.02714157104492,37.4571418762207,36.18000030517578,21940800
38.57857131958008,39.76571273803711,39.77000045776367,38.43143081665039,22285200
39.808570861816406,40.47999954223633,40.71428680419922,39.485713958740234,19355700
43.119998931884766,43.058570861816406,43.77857208251953,42.621429443359375,21947800
43.1485710144043,42.7928581237793,43.32285690307617,42.52857208251953,18200700
44.394287109375,44.628570556640625,44.788570404052734,44.24285888671875,8299200
46.012855529785156,47.24714279174805,47.657142639160156,45.94571304321289,30583700
46.29142761230469,45.4514274597168,46.709999084472656,45.45000076293945,14634900
46.029998779296875,47.157142639160156,47.172855377197266,45.665714263916016,19272400
55.40571212768555,46.07428741455078,55.59428787231445,45.92856979370117,181099800
46.97571563720703,47.038570404052734,47.64285659790039,46.55714416503906,22020600
48.49856948852539,47.9471435546875,49.19571304321289,47.54142761230469,20733300
47.53571319580078,48.272857666015625,48.5,46.94571304321289,16815400
48.89142990112305,49.78571319580078,49.81142807006836,48.810001373291016,15989400
50.07143020629883,50.74285888671875,50.922855377197266,49.65285873413086,14683200
51.577144622802734,50.63428497314453,51.61857223510742,50.28571319580078,12075700
52.0528564453125,51.99714279174805,53.022857666015625,51.74571228027344,20066900
52.854286193847656,52.33000183105469,53.0,52.03571319580078,13911100
54.01571273803711,53.84714126586914,54.415714263916016,53.689998626708984,12268900
52.21428680419922,52.5957145690918,52.735713958740234,51.9471435546875,10516800
48.29571533203125,47.448570251464844,48.37714385986328,47.218570709228516,16237900
47.85714340209961,47.1971435546875,48.36714172363281,45.58142852783203,40432000
58.157142639160156,57.810001373291016,58.45571517944336,57.35857009887695,18379200
57.92142868041992,57.987144470214844,58.361427307128906,56.71571350097656,18066300
62.43714141845703,62.21571350097656,62.52857208251953,61.66999816894531,11985400
61.667144775390625,61.17571258544922,62.32143020629883,61.138572692871094,16031400
62.209999084472656,63.85714340209961,64.2414321899414,61.21428680419922,26043500
64.9914321899414,64.35857391357422,65.42857360839844,64.14142608642578,11809000
63.23428726196289,62.49714279174805,63.81142807006836,62.235713958740234,10448200
60.871429443359375,57.99856948852539,61.191429138183594,57.96285629272461,26770800
53.28714370727539,53.182857513427734,53.92142868041992,52.36714172363281,27152300
51.644287109375,50.290000915527344,52.4085693359375,49.98285675048828,22125600
50.63999938964844,47.81856918334961,51.06856918334961,47.71571350097656,24871000
47.01142883300781,46.61000061035156,47.36714172363281,44.58571243286133,30799300
48.20857238769531,46.01142883300781,48.772857666015625,46.0,33071500
45.417144775390625,46.005714416503906,46.05714416503906,44.32143020629883,23618700
48.29571533203125,49.1971435546875,49.354286193847656,48.014286041259766,20330800
50.121429443359375,49.16999816894531,50.255714416503906,48.48285675048828,23370200
52.144287109375,53.0957145690918,53.24285888671875,51.771427154541016,28828100
59.31142807006836,59.689998626708984,60.24856948852539,58.801429748535156,29248800
59.53714370727539,60.45857238769531,60.64285659790039,59.0428581237793,17432800
61.35714340209961,60.441429138183594,61.521427154541016,60.012855529785156,16678900
64.20428466796875,63.05571365356445,64.21286010742188,62.58000183105469,17308200
62.57857131958008,62.33714294433594,64.27714538574219,62.21428680419922,20367200
63.7400016784668,63.28571319580078,64.1914291381836,62.81856918334961,21011200
63.32857131958008,64.65428924560547,65.06857299804688,62.71428680419922,17433500
61.35285568237305,60.76856994628906,61.45857238769531,59.86000061035156,18621400
60.45857238769531,60.611427307128906,61.198570251464844,60.45857238769531,9282000
64.31428527832031,63.69285583496094,64.42428588867188,63.150001525878906,15495200
64.0857162475586,64.50428771972656,64.8885726928711,63.83142852783203,9058000
66.0085678100586,66.57142639160156,67.07142639160156,65.89286041259766,13496000
67.52143096923828,67.88714599609375,68.21142578125,67.2585678100586,7584500
68.35713958740234,68.0857162475586,68.39856719970703,67.79856872558594,8806700
69.09285736083984,68.07856750488281,69.2699966430664,68.01714324951172,13425300
65.27285766601562,64.93285369873047,65.5528564453125,64.47000122070312,12133100
65.18142700195312,63.25428771972656,65.27857208251953,62.6971435546875,16169300
62.70000076293945,64.2828598022461,64.355712890625,62.55428695678711,18450600
65.87142944335938,65.17857360839844,66.6114273071289,65.14286041259766,13759200
51.40142822265625,51.012855529785156,51.43857192993164,48.78571319580078,79160900
52.71285629272461,53.521427154541016,54.56856918334961,51.88571548461914,32150300
54.842857360839844,54.20000076293945,54.92856979370117,53.81428527832031,14944300
54.0,54.75714111328125,55.047142028808594,53.907142639160156,9991800
55.32428741455078,54.650001525878906,56.29999923706055,54.54428482055664,14838600
53.211429595947266,51.468570709228516,53.32143020629883,51.35714340209961,17878000
50.1542854309082,50.165714263916016,50.52714157104492,49.74571228027344,10063200
49.28571319580078,48.83000183105469,49.57143020629883,48.23428726196289,11964400
48.012855529785156,47.80428695678711,48.70000076293945,47.65571212768555,11769100
46.42714309692383,45.20571517944336,47.06999969482422,45.14285659790039,16947700
48.84428787231445,48.57857131958008,49.48428726196289,48.53428649902344,8847300
49.03285598754883,48.801429748535156,49.39142990112305,48.78714370727539,8627500
49.25857162475586,47.31142807006836,49.25857162475586,47.14714431762695,18165000
46.547142028808594,46.25143051147461,46.78571319580078,45.84428787231445,11669000
48.57143020629883,49.82857131958008,50.0,47.71428680419922,40551000
63.13285827636719,63.11428451538086,63.98428726196289,62.65571212768555,13215300
65.04142761230469,64.10143280029297,65.17428588867188,63.88999938964844,12450900
63.198570251464844,63.29571533203125,63.78571319580078,62.637142181396484,8173200
67.85713958740234,67.80000305175781,68.71428680419922,67.57428741455078,10432100
67.37285614013672,67.83999633789062,68.08428955078125,67.355712890625,6075300
66.64286041259766,64.87428283691406,66.92571258544922,64.84428405761719,12888400
62.2400016784668,62.88428497314453,63.939998626708984,62.2400016784668,16363200
61.547142028808594,60.281429290771484,61.547142028808594,59.619998931884766,26796000
59.628570556640625,59.75143051147461,60.4471435546875,59.38999938964844,16039100
60.11000061035156,59.52714157104492,60.41999816894531,59.45571517944336,14248500
64.39714050292969,64.93856811523438,64.99571228027344,63.9471435546875,22367100
68.70428466796875,67.92285919189453,68.70428466796875,67.36428833007812,42528500
81.78571319580078,81.05571746826172,82.30428314208984,80.38143157958984,30766400
80.23714447021484,79.5,80.8357162475586,79.12428283691406,10565100
81.23857116699219,80.79285430908203,82.44285583496094,80.75714111328125,27116600
86.36428833007812,87.60713958740234,88.34857177734375,85.7557144165039,37053100
88.21428680419922,88.79000091552734,89.10857391357422,87.36285400390625,12756800
88.37857055664062,89.34857177734375,89.42857360839844,88.04285430908203,10074400
89.33428955078125,92.44999694824219,92.71428680419922,89.33428955078125,22024800
96.24285888671875,93.87142944335938,96.41857147216797,93.82142639160156,19814900
100.0142822265625,96.94428253173828,100.89142608642578,96.39714050292969,77138600
91.5057144165039,92.23143005371094,92.91285705566406,91.11714172363281,24575600
94.9000015258789,95.72714233398438,95.84571075439453,94.28571319580078,16731400
101.27143096923828,100.37142944335938,101.63571166992188,99.6528549194336,19736500
111.55000305175781,109.33999633789062,111.68000030517578,108.9000015258789,8125100
106.83000183105469,107.08000183105469,107.75,105.4000015258789,6695600
114.5999984741211,112.55999755859375,114.5999984741211,111.77999877929688,10144800
120.98999786376953,123.7300033569336,125.7300033569336,119.33999633789062,15284400
125.26000213623047,124.05000305175781,126.75,123.55000305175781,9382000
116.3499984741211,117.62999725341797,119.3499984741211,115.87999725341797,20240200
109.30999755859375,105.44000244140625,109.5,100.30000305175781,39843300
103.66999816894531,104.20999908447266,107.5,101.83000183105469,25817700
98.29000091552734,98.47000122070312,99.9000015258789,97.0,16717900
103.01000213623047,106.11000061035156,106.87000274658203,101.44999694824219,21526700
108.83999633789062,108.0999984741211,109.77999877929688,106.75,12329500
114.44999694824219,113.44999694824219,115.41999816894531,112.36000061035156,12624500
98.06999969482422,97.31999969482422,99.93000030517578,96.86000061035156,12786800
102.58000183105469,103.06999969482422,104.72000122070312,101.2300033569336,12066400
113.38999938964844,114.05999755859375,114.80000305175781,112.05000305175781,10936600
113.08000183105469,112.86000061035156,114.61000061035156,111.41000366210938,11039200
102.97000122070312,111.3499984741211,111.6500015258789,101.86000061035156,19866200
124.47000122070312,125.37000274658203,125.56999969482422,122.41999816894531,12550800
121.44999694824219,118.91000366210938,123.0,118.5999984741211,16105300
119.80000305175781,122.63999938964844,123.0,118.08999633789062,13181000
119.51000213623047,116.62999725341797,119.58999633789062,115.66000366210938,11670000
116.20999908447266,114.37999725341797,117.45999908447266,114.27999877929688,9273000
110.44999694824219,107.66000366210938,110.58000183105469,105.8499984741211,17664600
102.43000030517578,104.04000091552734,105.5,101.72000122070312,19775100
108.91000366210938,107.73999786376953,109.98999786376953,97.05000305175781,53009400
99.77999877929688,99.12000274658203,102.68000030517578,99.0,20321100
89.5,89.70999908447266,91.25,86.54000091552734,19108600
81.75,86.12999725341797,88.4000015258789,81.55000305175781,25892900
89.9800033569336,89.2300033569336,91.4000015258789,88.02999877929688,14259200
88.5,91.61000061035156,91.76000213623047,86.69999694824219,15972800
94.80999755859375,93.41000366210938,97.19999694824219,93.33999633789062,13663100
98.18000030517578,97.36000061035156,99.73999786376953,95.44999694824219,17002100
97.87000274658203,97.86000061035156,98.51000213623047,96.43000030517578,9691800
104.6500015258789,102.19000244140625,104.91000366210938,101.4800033569336,14705000
105.9000015258789,104.3499984741211,105.91999816894531,103.19999694824219,10940400
110.01000213623047,110.41999816894531,111.63999938964844,109.1500015258789,9553700
99.48999786376953,94.33999633789062,101.37000274658203,94.19999694824219,55728800
90.5,90.02999877929688,90.55999755859375,88.20999908447266,13968000
91.0,90.79000091552734,92.16000366210938,90.3499984741211,7394700
90.7300033569336,90.54000091552734,91.83000183105469,89.9000015258789,9543700
90.16000366210938,89.55000305175781,91.2699966430664,88.30000305175781,11450300
95.9800033569336,97.88999938964844,99.13999938964844,95.75,21246000
100.98999786376953,99.58999633789062,101.0,98.52999877929688,9224000
100.0199966430664,97.86000061035156,100.27999877929688,97.5999984741211,9423900
95.0199966430664,93.8499984741211,97.19999694824219,93.62000274658203,13484300
90.62000274658203,91.66000366210938,91.68000030517578,88.1500015258789,10819000
87.41000366210938,87.97000122070312,88.87999725341797,86.41000366210938,11545600
96.0,97.05999755859375,97.41000366210938,95.30000305175781,8335400
96.26000213623047,96.43000030517578,96.72000122070312,94.80000305175781,8768900
98.43000030517578,98.80999755859375,99.83999633789062,97.23999786376953,28669700
91.91999816894531,91.6500015258789,92.20999908447266,90.68000030517578,6227700
94.0,93.55999755859375,94.08000183105469,92.18000030517578,9836200
95.52999877929688,96.58999633789062,96.83000183105469,95.08000183105469,6592900
94.94000244140625,96.37000274658203,96.93000030517578,94.8499984741211,8315600
95.66999816894531,95.26000213623047,96.12999725341797,94.94999694824219,5830500
97.80999755859375,97.37999725341797,97.9800033569336,96.91999816894531,4148600
97.76000213623047,100.08999633789062,100.31999969482422,97.6500015258789,9036100
97.0999984741211,99.4800033569336,99.48999786376953,97.04000091552734,9445100
96.9000015258789,94.87999725341797,97.0999984741211,93.26000213623047,20042200
95.37999725341797,94.55999755859375,95.37999725341797,94.04000091552734,6739200
104.97000122070312,105.06999969482422,105.47000122070312,103.87999725341797,6587700
102.30999755859375,100.58999633789062,102.9000015258789,99.86000061035156,9032900
122.5,127.5,127.8499984741211,122.30999755859375,18832400
126.29000091552734,126.97000122070312,128.72000122070312,125.75,8602400
126.8499984741211,124.87000274658203,126.9000015258789,124.4000015258789,6517500
122.76000213623047,115.41999816894531,122.97000122070312,113.69999694824219,19718700
114.55000305175781,113.58999633789062,116.41000366210938,113.08999633789062,7445100
117.63999938964844,117.41000366210938,118.38999938964844,117.18000030517578,1616300
119.0,117.0,120.37000274658203,116.38999938964844,7715100
120.7300033569336,119.16000366210938,120.75,118.4000015258789,7626300
123.44000244140625,125.0,127.43000030517578,122.94999694824219,7376200
125.45999908447266,125.12000274658203,126.30000305175781,124.63999938964844,3937800
126.23999786376953,123.80000305175781,126.56999969482422,123.5999984741211,4455400
127.48999786376953,129.41000366210938,130.1699981689453,126.55000305175781,7843600
131.47999572753906,130.9499969482422,131.99000549316406,129.88999938964844,5771800
142.00999450683594,138.41000366210938,143.4600067138672,138.25,23203400
138.11000061035156,140.11000061035156,140.92999267578125,137.02999877929688,7754700
139.50999450683594,140.25,140.63999938964844,139.10000610351562,3512600
143.57000732421875,144.74000549316406,145.07000732421875,142.55999755859375,6887100
145.19000244140625,143.1999969482422,145.9499969482422,143.0500030517578,4790400
144.4499969482422,142.77999877929688,144.49000549316406,141.52000427246094,4668000
143.3000030517578,142.1300048828125,143.57000732421875,141.85000610351562,3862200
141.38999938964844,140.88999938964844,141.8000030517578,140.27999877929688,3318500
144.1999969482422,145.25,145.52000427246094,143.22999572753906,5987200
145.4499969482422,145.8300018310547,146.25,144.5800018310547,3421000
146.80999755859375,148.05999755859375,148.2899932861328,146.52999877929688,4461100
146.83999633789062,145.5,147.08999633789062,144.88999938964844,4368900
143.3699951171875,139.75999450683594,144.0,138.66000366210938,12395100
143.61000061035156,143.8300018310547,144.5,143.39999389648438,4800900
155.58999633789062,157.25,157.89999389648438,154.5500030517578,5582300
156.10000610351562,157.4600067138672,157.85000610351562,155.97000122070312,3911000
156.14999389648438,157.02000427246094,158.0500030517578,155.91000366210938,4091500
158.35000610351562,157.75,158.47999572753906,157.1699981689453,2970800
166.1199951171875,165.8800048828125,166.8699951171875,164.83999633789062,3719100
154.3800048828125,152.72000122070312,155.67999267578125,150.1300048828125,8484700
155.00999450683594,158.02000427246094,158.19000244140625,153.75999450683594,6250800
151.63999938964844,153.41000366210938,154.1999969482422,150.1199951171875,5589900
149.8000030517578,146.1699981689453,150.4499969482422,145.8000030517578,3908200
158.50999450683594,158.2100067138672,160.1300048828125,156.97999572753906,6700100
176.1199951171875,183.60000610351562,185.0,174.24000549316406,41587400
182.0,184.0399932861328,185.02999877929688,181.17999267578125,6201900
182.22000122070312,180.74000549316406,182.57000732421875,177.80999755859375,5771300
181.0,181.3300018310547,182.27000427246094,179.10000610351562,4609800
169.22999572753906,166.08999633789062,170.5800018310547,165.72000122070312,5229200
167.75999450683594,169.33999633789062,169.92999267578125,167.0399932861328,4886300
175.5500030517578,174.74000549316406,176.47999572753906,173.9199981689453,3813000
175.25,179.25,179.4600067138672,173.72999572753906,8742600
178.10000610351562,181.74000549316406,182.47000122070312,178.02999877929688,5979400
185.82000732421875,188.77999877929688,189.9499969482422,184.50999450683594,7148100
180.6999969482422,179.3800048828125,180.9499969482422,176.5500030517578,5602500
194.3000030517578,198.02000427246094,198.9199981689453,192.0500030517578,15348400
195.57000732421875,194.9499969482422,196.22000122070312,193.80999755859375,6450200
201.9499969482422,202.67999267578125,202.8300018310547,197.86000061035156,22105400
194.66000366210938,195.2100067138672,197.61000061035156,194.0800018310547,5185800
198.2100067138672,196.42999267578125,198.58999633789062,195.22000122070312,5518600
191.61000061035156,192.02000427246094,192.58999633789062,189.5,6622200
194.5399932861328,192.1199951171875,195.4199981689453,191.52999877929688,4203100
193.3000030517578,194.10000610351562,194.32000732421875,191.89999389648438,3827500
190.30999755859375,187.5800018310547,190.86000061035156,186.67999267578125,6630100
183.5,184.2100067138672,188.13999938964844,181.19000244140625,5783700
189.61000061035156,190.1199951171875,191.42999267578125,188.00999450683594,7285600
187.94000244140625,188.82000732421875,189.11000061035156,185.25999450683594,6545400
206.1999969482422,205.6300048828125,207.0500030517578,204.0,6029600
212.11000061035156,209.30999755859375,212.97999572753906,208.58999633789062,6125900
222.75,220.4600067138672,223.49000549316406,218.5,10548600
250.8800048828125,261.29998779296875,261.7099914550781,249.30999755859375,17352400
274.20001220703125,284.5899963378906,286.80999755859375,273.9200134277344,17529700
267.0799865722656,250.10000610351562,267.6199951171875,250.0,9306700
257.2900085449219,258.2699890136719,261.4100036621094,254.6999969482422,6855200
281.0,285.92999267578125,286.0,277.80999755859375,7301800
293.1000061035156,291.3800048828125,295.75,290.7799987792969,7653500
302.8500061035156,315.0,316.9100036621094,297.6000061035156,18986100
323.1700134277344,321.0899963378906,323.3999938964844,318.1400146484375,5642900
313.260009765625,317.5,319.5,312.79998779296875,5991900
273.6300048828125,288.94000244140625,290.30999755859375,271.2200012207031,12914000
291.7699890136719,289.92999267578125,299.54998779296875,289.1199951171875,9853600
332.8800048828125,332.70001220703125,335.30999755859375,326.7699890136719,8438800
319.2200012207031,307.0199890136719,320.25,302.30999755859375,13893200
308.7099914550781,320.0899963378906,320.9800109863281,307.6700134277344,8209500
328.7900085449219,330.29998779296875,331.95001220703125,327.510009765625,5633400
327.25,328.5299987792969,330.5,327.0400085449219,4089800
344.3399963378906,349.2900085449219,354.0,341.1199951171875,14758600
351.5,349.7300109863281,356.1000061035156,346.7099914550781,9717900
358.05999755859375,360.57000732421875,362.3900146484375,356.25,5225700
367.5299987792969,379.92999267578125,384.25,364.1099853515625,18222800
387.7200012207031,390.3999938964844,393.1600036621094,386.5,6824800
395.0,395.4200134277344,396.8999938964844,387.1000061035156,12219900
399.489990234375,390.5199890136719,399.9800109863281,389.5,5280300
409.19000244140625,395.79998779296875,410.0,395.0799865722656,15719000
381.239990234375,375.1300048828125,383.1300048828125,372.3599853515625,21746300
359.1499938964844,362.6600036621094,363.8999938964844,353.6000061035156,11505200
337.2300109863281,344.5,345.0,334.7099914550781,7131300
353.2300109863281,351.8299865722656,357.30999755859375,349.010009765625,7970900
319.010009765625,316.7799987792969,324.3699951171875,312.9599914550781,10407900
338.489990234375,344.44000244140625,346.2099914550781,337.4100036621094,8930700
367.1499938964844,364.5799865722656,374.489990234375,360.0,17427300
347.44000244140625,346.4599914550781,356.0,341.989990234375,13050200
344.6700134277344,355.92999267578125,356.1499938964844,343.8999938964844,6198100
366.5899963378906,361.19000244140625,372.2200012207031,360.739990234375,11930600
373.5899963378906,377.8800048828125,382.0,370.8800048828125,13799700
375.8500061035156,381.42999267578125,386.1099853515625,375.5899963378906,8376600
324.94000244140625,321.1000061035156,334.20001220703125,315.80999755859375,16082100
337.239990234375,346.3999938964844,347.95001220703125,330.55999755859375,20156400
300.510009765625,299.8299865722656,313.989990234375,292.29998779296875,19616000
297.7699890136719,301.7799987792969,311.5,295.04998779296875,20360300
311.1000061035156,315.44000244140625,317.5299987792969,303.739990234375,10283000
285.510009765625,290.05999755859375,292.5,282.1600036621094,9967100
254.6300048828125,266.9800109863281,276.3399963378906,250.0,16693800
288.0,286.1300048828125,290.80999755859375,283.05999755859375,11860100
264.19000244140625,269.70001220703125,271.17999267578125,260.6099853515625,9605600
264.6400146484375,260.5799865722656,269.8999938964844,251.8800048828125,16792900
281.8800048828125,297.57000732421875,297.79998779296875,278.5400085449219,19330100
317.7099914550781,319.9599914550781,323.3500061035156,313.5,13343200
334.239990234375,332.94000244140625,335.4800109863281,329.1300048828125,10499600
320.6000061035156,326.6700134277344,331.79998779296875,319.0,11131600
335.8699951171875,328.8999938964844,338.2200012207031,328.1499938964844,7655200
338.0,347.57000732421875,348.0,338.0,7561400
357.29998779296875,351.7699890136719,359.6000061035156,350.2799987792969,10559100
362.4700012207031,358.1000061035156,366.3900146484375,357.7099914550781,6186800
351.4599914550781,354.29998779296875,356.1700134277344,348.25,5937800
361.0199890136719,361.4599914550781,364.0,358.8900146484375,8444500
358.9100036621094,375.2200012207031,375.8999938964844,357.010009765625,10917200
359.0,366.2300109863281,367.0400085449219,357.44000244140625,8473800
370.07000732421875,367.8800048828125,372.04998779296875,362.3999938964844,4627300
360.5400085449219,364.7099914550781,366.739990234375,359.0,5439200
381.07000732421875,374.2300109863281,381.8999938964844,373.2699890136719,6541900
373.67999267578125,371.8299865722656,374.5799865722656,369.1199951171875,3821700
360.8999938964844,362.75,364.20001220703125,352.75,5882600
348.7099914550781,345.6099853515625,349.95001220703125,342.5,5353000
355.4100036621094,354.3900146484375,359.44000244140625,353.7900085449219,3831000
353.6000061035156,349.19000244140625,353.8500061035156,345.8999938964844,5658900
343.55999755859375,336.6300048828125,347.6600036621094,332.6499938964844,7849600
347.2300109863281,343.42999267578125,348.5,339.25,6209300
355.57000732421875,357.1199951171875,361.5,353.75,5428500
370.260009765625,367.32000732421875,371.5400085449219,364.8699951171875,4592700
376.69000244140625,381.7200012207031,381.989990234375,375.8399963378906,3799000
378.19000244140625,376.1600036621094,378.25,375.3599853515625,3113400
323.760009765625,325.2099914550781,329.8500061035156,320.29998779296875,31287100
311.44000244140625,307.29998779296875,313.5,306.0,9171100
317.489990234375,318.8299865722656,319.4100036621094,311.79998779296875,6280300
302.55999755859375,304.2900085449219,305.0,296.80999755859375,9322400
305.4599914550781,310.8299865722656,312.8900146484375,303.239990234375,6531700
298.6499938964844,296.92999267578125,300.3299865722656,293.1499938964844,4974200
294.5400085449219,291.0299987792969,296.7699890136719,287.20001220703125,6309400
293.3500061035156,290.1700134277344,293.3500061035156,287.0299987792969,5166600
285.70001220703125,288.2699890136719,292.6499938964844,284.6099853515625,7405900
294.2300109863281,294.2900085449219,297.42999267578125,289.7799987792969,5307400
266.4200134277344,263.30999755859375,268.04998779296875,260.20001220703125,7684000
267.3500061035156,269.5799865722656,272.20001220703125,264.0299987792969,8650300
284.79998779296875,282.92999267578125,287.8699951171875,282.3399963378906,8786100
283.1199951171875,286.2799987792969,288.1700134277344,280.739990234375,16175900
272.8900146484375,278.04998779296875,279.94000244140625,269.0,12599200
291.0,287.4100036621094,291.45001220703125,284.7799987792969,5090000
289.989990234375,288.0299987792969,291.19000244140625,286.30999755859375,4062400
290.5899963378906,295.0299987792969,295.82000732421875,287.57000732421875,6333800
301.010009765625,305.1600036621094,308.25,301.0,5111800
308.8299865722656,315.54998779296875,315.7300109863281,305.25,7873900
305.2699890136719,302.8599853515625,306.4800109863281,298.80999755859375,4615500
296.1199951171875,293.1199951171875,298.94000244140625,292.0199890136719,10476100
335.0,336.8999938964844,338.0,330.6000061035156,9914900
329.0799865722656,323.30999755859375,329.19000244140625,322.8599853515625,4311500
342.0,335.6600036621094,343.4200134277344,334.6099853515625,4709300
344.3999938964844,338.69000244140625,345.3800048828125,335.5199890136719,7199400
348.4599914550781,353.1600036621094,359.8500061035156,345.8800048828125,17939700
349.0,343.1600036621094,349.3999938964844,338.54998779296875,7643500
347.239990234375,358.0,359.6300048828125,346.2799987792969,6670600
376.9599914550781,381.3999938964844,385.3699951171875,376.510009765625,4485400
379.29998779296875,387.7799987792969,389.5400085449219,379.19000244140625,5173900
364.2099914550781,369.0299987792969,376.7699890136719,356.79998779296875,11168600
377.7699890136719,383.7900085449219,384.010009765625,370.510009765625,5487300
343.8599853515625,346.489990234375,357.4700012207031,341.7200012207031,7405500
324.3299865722656,332.0299987792969,348.510009765625,316.82000732421875,10616000
369.989990234375,357.32000732421875,372.92999267578125,353.0299987792969,11638700
367.4700012207031,361.760009765625,370.8999938964844,357.510009765625,4860800
374.010009765625,371.1199951171875,378.3900146484375,368.30999755859375,6908900
371.30999755859375,396.7200012207031,400.510009765625,367.70001220703125,11692900
419.260009765625,426.70001220703125,438.4100036621094,419.260009765625,13952300
419.989990234375,403.8299865722656,421.0,402.9100036621094,10101200
434.1400146484375,435.54998779296875,442.0,433.6400146484375,5049300
435.69000244140625,438.2699890136719,447.0,427.2699890136719,7014600
451.1600036621094,452.5799865722656,456.3599853515625,443.3500061035156,7773500
417.239990234375,413.44000244140625,422.3699951171875,411.5,5655100
425.8699951171875,427.30999755859375,427.5899963378906,419.4599914550781,3494800
429.0,418.07000732421875,434.05999755859375,412.45001220703125,6461100
441.82000732421875,447.7699890136719,450.4599914550781,439.2200012207031,6529600
455.010009765625,468.0400085449219,468.5899963378906,454.2099914550781,6272100
485.6400146484375,476.8900146484375,492.2799987792969,475.5299987792969,6351500
497.30999755859375,493.1600036621094,504.82000732421875,490.8299865722656,5669900
494.8699951171875,492.989990234375,503.5899963378906,484.1400146484375,24991400
492.19000244140625,489.82000732421875,497.20001220703125,487.20001220703125,6954100
484.510009765625,495.6499938964844,496.9200134277344,482.30999755859375,7863100
504.1099853515625,509.0799865722656,510.82000732421875,498.70001220703125,3725900
479.75,466.92999267578125,480.9200134277344,466.54998779296875,7329200
496.4599914550781,492.30999755859375,498.1300048828125,490.0,3921300
492.5,547.530029296875,549.0399780273438,492.0799865722656,20373700
521.1599731445312,529.5599975585938,531.989990234375,517.5800170898438,4941400
503.3500061035156,480.6700134277344,506.2900085449219,478.8399963378906,6240200
484.0,495.989990234375,497.4700012207031,481.6300048828125,5337000
474.3900146484375,482.8800048828125,484.8699951171875,468.0299987792969,3769400
492.57000732421875,500.0299987792969,504.6300048828125,489.2699890136719,4634100
506.79998779296875,520.6500244140625,520.989990234375,501.70001220703125,4088100
545.52001953125,541.9400024414062,551.219970703125,535.0999755859375,5113100
528.1400146484375,525.4199829101562,533.780029296875,522.260009765625,10047200
502.010009765625,475.739990234375,505.8800048828125,472.2099914550781,7807900
495.3599853515625,496.95001220703125,507.7300109863281,493.9800109863281,5137300
485.5400085449219,470.5,495.8500061035156,467.260009765625,10419700
482.0,484.6700134277344,487.79998779296875,480.4700012207031,2254700
478.8399963378906,482.8800048828125,484.04998779296875,475.8900146484375,3550500
497.5,498.30999755859375,504.5,493.6400146484375,3666200
510.5299987792969,493.6000061035156,514.5,491.2900085449219,4178800
505.44000244140625,522.4199829101562,524.1599731445312,501.17999267578125,5770400
515.1199951171875,513.969970703125,519.3499755859375,512.2100219726562,1144000
519.9000244140625,530.8699951171875,536.5499877929688,515.47998046875,4022400
511.30999755859375,510.3999938964844,513.239990234375,504.510009765625,2973900
495.5,507.7900085449219,512.3499755859375,493.010009765625,5032100
535.8800048828125,538.5999755859375,553.1500244140625,530.739990234375,5969000
542.010009765625,548.1599731445312,555.47998046875,538.9299926757812,3767600
556.9400024414062,556.52001953125,561.25,550.8499755859375,2197100
550.989990234375,551.3400268554688,555.25,543.030029296875,2069600
534.989990234375,533.780029296875,541.7899780273438,530.7899780273438,3078600
521.5,511.2900085449219,531.5,507.67999267578125,5034800
507.30999755859375,506.44000244140625,513.1099853515625,503.82000732421875,3470000
504.9599914550781,512.1799926757812,513.1900024414062,501.6300048828125,4386400
533.780029296875,520.8099975585938,534.4199829101562,520.0,4102200
505.6600036621094,513.9500122070312,518.0,504.3999938964844,3330000
551.1300048828125,554.5800170898438,556.9000244140625,547.5700073242188,4309800
557.0,553.72998046875,559.75,550.2999877929688,2720300
509.010009765625,505.54998779296875,509.70001220703125,500.70001220703125,7307700
505.20001220703125,506.5199890136719,508.3999938964844,503.3399963378906,3193000
512.6500244140625,509.1099853515625,518.9500122070312,505.20001220703125,4091900
489.1300048828125,486.6600036621094,490.7799987792969,482.7099914550781,2712500
488.3999938964844,486.2799987792969,493.4800109863281,486.19000244140625,2350500
504.3999938964844,502.80999755859375,511.760009765625,502.5299987792969,2910300
499.82000732421875,499.239990234375,503.2200012207031,495.82000732421875,2269000
492.9200134277344,494.6600036621094,496.70001220703125,490.54998779296875,2791900
490.25,498.3399963378906,501.79998779296875,490.1499938964844,3198300
498.5400085449219,508.82000732421875,513.5499877929688,495.79998779296875,5809300
535.5,533.97998046875,538.5399780273438,529.3900146484375,1975500
544.239990234375,535.9600219726562,544.6400146484375,531.6599731445312,2722500
540.2999877929688,537.3099975585938,540.6500244140625,532.9199829101562,1780700
510.2099914550781,511.7699890136719,513.6799926757812,507.0,4328100
518.0800170898438,518.9099731445312,521.9500122070312,512.0499877929688,2759000
524.0,520.5499877929688,526.8400268554688,519.3900146484375,1919800
517.0,512.4000244140625,519.5700073242188,509.7699890136719,1673900
515.239990234375,517.9199829101562,523.3800048828125,512.2999877929688,2032800
546.1599731445312,550.1199951171875,552.5999755859375,545.9000244140625,1595500
566.1199951171875,569.1900024414062,569.47998046875,561.6099853515625,2431900
598.1599731445312,598.719970703125,609.4500122070312,593.6699829101562,3950800
578.1699829101562,582.8699951171875,584.6199951171875,575.3699951171875,2755600
586.7899780273438,575.4299926757812,591.530029296875,568.0800170898438,3732200
608.0499877929688,610.3400268554688,619.0,608.0499877929688,6612600
606.9400024414062,634.8099975585938,640.3900146484375,606.8900146484375,9534300
638.0,628.2899780273438,639.4199829101562,625.1599731445312,4116900
625.5700073242188,625.1400146484375,637.4000244140625,617.1500244140625,10622000
663.739990234375,671.6599731445312,675.8800048828125,657.0700073242188,3833500
685.8900146484375,668.4000244140625,685.9400024414062,665.5,4865000
653.7000122070312,655.989990234375,660.5,650.52001953125,2415600
692.3499755859375,678.7999877929688,694.1599731445312,675.0,2613700
658.010009765625,658.2899780273438,661.4400024414062,651.0999755859375,1867300
663.2000122070312,663.8400268554688,667.989990234375,658.2899780273438,2529400
627.5800170898438,611.0,630.239990234375,610.4400024414062,2376300
598.7100219726562,597.989990234375,602.2899780273438,588.1300048828125,2984500
610.7100219726562,610.5399780273438,613.97998046875,604.6799926757812,1287200
605.6099853515625,597.3699951171875,609.989990234375,590.5599975585938,3067500
537.0599975585938,519.2000122070312,540.7899780273438,518.260009765625,4475100
520.0800170898438,510.79998779296875,521.75,508.67999267578125,4839100
386.760009765625,384.3599853515625,387.0,372.0799865722656,11966600
448.25,429.4800109863281,451.9800109863281,426.4800109863281,14346000
410.1700134277344,402.1000061035156,412.3500061035156,393.54998779296875,8232900
394.239990234375,386.6700134277344,399.1099853515625,385.70001220703125,4669200
388.95001220703125,377.3800048828125,392.4200134277344,373.0199890136719,6697500
368.0,361.7300109863281,374.82000732421875,357.1700134277344,5325500
357.69000244140625,358.7900085449219,364.1400146484375,350.510009765625,6520200
338.7200012207031,331.010009765625,341.32000732421875,329.82000732421875,5907800
379.760009765625,375.7099914550781,379.760009765625,368.8999938964844,3888500
384.3900146484375,391.82000732421875,396.5,380.3299865722656,5880700
361.9599914550781,355.8800048828125,362.5,354.8699951171875,4025200
343.9200134277344,350.42999267578125,352.0,341.1600036621094,3231000
340.0,337.8599853515625,342.3599853515625,331.6199951171875,5105000
191.55999755859375,199.52000427246094,201.47999572753906,185.60000610351562,21363200
198.2899932861328,199.8699951171875,203.1999969482422,194.77000427246094,11839400
177.16000366210938,187.63999938964844,187.77000427246094,176.00999450683594,13136300
186.72000122070312,177.19000244140625,187.6999969482422,176.27000427246094,9665600
186.14999389648438,187.44000244140625,187.66000366210938,177.88999938964844,9602000
192.02000427246094,205.08999633789062,205.47000122070312,191.72000122070312,9623100
194.8699951171875,198.61000061035156,199.60000610351562,193.0,4839500
173.6300048828125,175.50999450683594,179.64999389648438,173.33999633789062,12133400
170.75,178.88999938964844,182.82000732421875,170.1999969482422,11992400
191.77000427246094,189.13999938964844,191.77999877929688,182.38999938964844,8363900
184.27000427246094,189.27000427246094,190.2100067138672,183.5,6334500
177.3300018310547,174.4499969482422,179.77999877929688,173.4199981689453,6845300
222.3800048828125,220.44000244140625,229.35000610351562,218.44000244140625,17805500
216.47999572753906,226.75,227.77999877929688,214.5800018310547,10508400
223.10000610351562,226.2100067138672,228.38999938964844,221.0,5525000
244.67999267578125,242.6999969482422,251.6199951171875,241.50999450683594,8780100
247.16000366210938,245.69000244140625,249.2899932861328,244.02999877929688,5136800
233.6300048828125,223.27999877929688,236.9499969482422,223.14999389648438,5349800
227.0,223.55999755859375,233.8800048828125,223.42999267578125,8615900
230.47000122070312,235.3800048828125,242.2899932861328,229.10000610351562,19454100
240.3699951171875,242.85000610351562,250.49000549316406,239.66000366210938,16037400
237.0,235.44000244140625,242.44000244140625,233.25999450683594,11848600
238.75999450683594,236.72999572753906,241.58999633789062,227.3800048828125,10825600
225.63999938964844,229.97999572753906,233.8300018310547,224.22999572753906,9991100
272.7799987792969,268.1600036621094,278.3800048828125,266.3800048828125,17207100
286.95001220703125,291.0199890136719,297.5899963378906,285.54998779296875,15100700
272.0199890136719,260.7900085449219,274.9700012207031,255.32000732421875,11124700
259.6600036621094,254.66000366210938,260.8999938964844,254.22000122070312,7266000
290.0,299.2699890136719,311.0,288.19000244140625,17978200
282.5,280.9599914550781,282.9599914550781,275.94000244140625,5786900
321.45001220703125,320.010009765625,329.0,319.5199890136719,14364000
318.9700012207031,317.8299865722656,324.7099914550781,314.4200134277344,7543300
289.7300109863281,288.29998779296875,292.25,286.1300048828125,6163700
283.17999267578125,291.1199951171875,295.5,281.010009765625,9588500
298.05999755859375,294.95001220703125,298.3900146484375,288.70001220703125,6764000
329.9700012207031,332.82000732421875,336.6499938964844,328.8900146484375,8286800
326.75,326.3299865722656,330.0799865722656,321.25,7814100
341.7200012207031,357.4200134277344,362.25,340.6300048828125,15646900
365.1600036621094,366.8900146484375,368.32000732421875,358.42999267578125,7857000
358.510009765625,362.95001220703125,364.17999267578125,354.17999267578125,6289400
347.9100036621094,347.9599914550781,349.0,342.44000244140625,5294700
337.5,334.8800048828125,341.9100036621094,332.82000732421875,4546200
323.8699951171875,323.0299987792969,330.0,322.1199951171875,6142600
312.0799865722656,297.7799987792969,312.510009765625,294.8800048828125,7443400
295.9700012207031,294.94000244140625,297.45001220703125,290.30999755859375,5956700
320.6300048828125,328.3900146484375,331.8299865722656,320.6300048828125,12991700
326.2900085449219,332.0299987792969,332.8500061035156,325.7300109863281,6287300
341.8299865722656,348.2799987792969,348.5799865722656,340.3999938964844,4413700
339.989990234375,346.19000244140625,346.42999267578125,338.75,7406400
335.0,333.70001220703125,337.19000244140625,330.5,17944500
325.239990234375,329.92999267578125,330.80999755859375,324.0,4221900
317.54998779296875,319.29998779296875,324.6199951171875,315.8500061035156,5064100
322.989990234375,331.2099914550781,332.55999755859375,322.0299987792969,5488600
347.25,371.2900085449219,375.8699951171875,346.3699951171875,20925200
360.239990234375,355.989990234375,364.1700134277344,354.30999755859375,6866100
402.8900146484375,400.4700012207031,406.5799865722656,395.8999938964844,5897300
410.42999267578125,399.7699890136719,418.95001220703125,399.2300109863281,11932400
418.8299865722656,423.9700012207031,424.70001220703125,416.57000732421875,5959500
422.92999267578125,422.4800109863281,424.7099914550781,418.67999267578125,4869500
417.3900146484375,417.0799865722656,420.8800048828125,411.5,4818100
438.6000061035156,438.1000061035156,442.3299865722656,435.8399963378906,4160100
444.54998779296875,444.04998779296875,445.4100036621094,437.75,5731700
445.57000732421875,450.04998779296875,456.67999267578125,445.1099853515625,6891700
426.8999938964844,413.1700134277344,427.5199890136719,411.8800048828125,6594500
437.3699951171875,438.6199951171875,445.25,431.3999938964844,5711500
428.9800109863281,421.6600036621094,430.6300048828125,421.3299865722656,3925200
423.7300109863281,415.45001220703125,424.510009765625,415.25,3967000
402.2300109863281,408.2900085449219,409.6099853515625,399.5,3861600
431.2300109863281,433.67999267578125,437.1499938964844,431.2300109863281,3803000
438.3900146484375,448.67999267578125,453.45001220703125,438.0,6155900
401.0,396.94000244140625,404.70001220703125,395.0299987792969,9110700
397.04998779296875,386.29998779296875,397.989990234375,386.1199951171875,3866600
382.8999938964844,384.79998779296875,386.6199951171875,380.80999755859375,3757300
378.010009765625,372.5899963378906,378.6000061035156,367.239990234375,5034800
385.5799865722656,373.32000732421875,388.70001220703125,372.25,7288900
405.6300048828125,400.9599914550781,410.6400146484375,398.010009765625,12768900
416.0199890136719,411.25,418.8399963378906,410.1099853515625,6299600
402.3500061035156,410.0799865722656,412.82000732421875,399.4100036621094,5317100
438.0299987792969,435.1499938964844,440.3800048828125,434.3500061035156,2735500
448.7799987792969,448.6499938964844,454.0799865722656,445.6400146484375,4060900
477.1099853515625,479.55999755859375,480.3999938964844,475.20001220703125,1404700
479.0,477.19000244140625,480.989990234375,474.489990234375,2855500
460.989990234375,453.8999938964844,461.20001220703125,451.20001220703125,5157700
480.3599853515625,469.8299865722656,480.760009765625,464.760009765625,5176400
488.3999938964844,495.0199890136719,496.1400146484375,484.05999755859375,3849000
490.3699951171875,486.8800048828125,492.2300109863281,481.94000244140625,2739500
467.32000732421875,470.260009765625,475.04998779296875,465.7699890136719,3443700
473.8900146484375,485.0299987792969,485.239990234375,473.6499938964844,3675800
480.0299987792969,485.30999755859375,485.7699890136719,478.0199890136719,4054400
492.0,492.19000244140625,498.9599914550781,481.3999938964844,15506000
564.52001953125,564.6400146484375,567.7999877929688,562.3699951171875,4030800
558.1599731445312,559.2999877929688,567.7999877929688,554.97998046875,4373600
560.3599853515625,557.8499755859375,568.4400024414062,557.0,3608500
582.75,588.469970703125,590.8499755859375,578.8900146484375,3526600
595.0,601.6699829101562,605.3599853515625,592.3300170898438,4489400
608.27001953125,604.8200073242188,616.0900268554688,600.8400268554688,2774600
613.3699951171875,609.4500122070312,614.8499755859375,607.2100219726562,2192100
613.5599975585938,618.3900146484375,627.4099731445312,610.4500122070312,3344200
614.989990234375,607.3300170898438,615.0,601.5900268554688,3708800
611.0,614.2100219726562,615.030029296875,605.510009765625,2029200
628.22998046875,622.8300170898438,633.1199951171875,618.9199829101562,2956500
620.969970703125,613.6900024414062,620.969970703125,607.7100219726562,3312200
550.6599731445312,554.5999755859375,558.6099853515625,542.010009765625,8597700
556.02001953125,565.1500244140625,565.4600219726562,555.5900268554688,3068200
596.280029296875,606.0,606.0499877929688,591.3200073242188,3614100
617.0,621.0999755859375,625.7899780273438,614.7100219726562,3782700
647.1400146484375,640.469970703125,649.25,638.1199951171875,2176200
644.8900146484375,648.52001953125,657.989990234375,644.239990234375,2466700
652.2100219726562,650.0599975585938,655.77001953125,643.1099853515625,2068608
